{"cameraMode":{"drawMode":0,"name":"Shaded","section":"Shading Mode"},"sceneLighting":true,"audioPlay":false,"sceneViewState":{"m_AlwaysRefresh":false,"showFog":true,"showSkybox":true,"showFlares":true,"showImageEffects":true,"showParticleSystems":true,"showVisualEffectGraphs":true,"m_FxEnabled":true},"in2DMode":false,"pivot":{"x":-36.871829986572269,"y":1357.6917724609375,"z":806.7467651367188},"rotation":{"x":0.031801365315914157,"y":-0.01349711325019598,"z":0.00042956747347489,"w":0.9994034171104431},"size":1764.4541015625,"orthographic":false}